norm_region,축제수,다국어가이드수,세계음식점수
강원 강릉시,26.0,107.0,19.0
강원 고성군,3.0,50.0,1.0
강원 동해시,4.0,26.0,5.0
강원 삼척시,5.0,50.0,4.0
강원 속초시,6.0,29.0,13.0
강원 양구군,6.0,31.0,3.0
강원 양양군,6.0,38.0,5.0
강원 영월군,9.0,60.0,1.0
강원 원주시,11.0,56.0,40.0
강원 인제군,7.0,32.0,0.0
강원 정선군,4.0,51.0,2.0
강원 철원군,2.0,20.0,2.0
강원 춘천시,12.0,73.0,29.0
강원 태백시,7.0,14.0,3.0
강원 평창군,14.0,54.0,1.0
강원 홍천군,6.0,44.0,3.0
강원 화천군,8.0,32.0,1.0
강원 횡성군,8.0,27.0,1.0
경기 null,4.0,0.0,0.0
경기 가평군,10.0,113.0,11.0
경기 고양시,8.0,200.0,176.0
경기 과천시,1.0,36.0,9.0
경기 광명시,2.0,24.0,28.0
경기 광주시,2.0,43.0,40.0
경기 구리시,2.0,12.0,29.0
경기 군포시,3.0,19.0,36.0
경기 김포시,0.0,38.0,59.0
경기 남양주시,7.0,83.0,67.0
경기 동두천시,2.0,17.0,5.0
경기 부천시,15.0,66.0,146.0
경기 성남시,0.0,71.0,339.0
경기 수원시,13.0,97.0,260.0
경기 시흥시,6.0,35.0,51.0
경기 안산시,6.0,52.0,106.0
경기 안성시,5.0,43.0,30.0
경기 안양시,0.0,25.0,131.0
경기 양주시,0.0,50.0,25.0
경기 양평군,9.0,92.0,18.0
경기 여주시,4.0,73.0,12.0
경기 연천군,7.0,28.0,2.0
경기 오산시,2.0,17.0,24.0
경기 용인시,6.0,102.0,161.0
경기 의왕시,1.0,20.0,19.0
경기 의정부시,5.0,15.0,46.0
경기 이천시,10.0,67.0,20.0
경기 파주시,14.0,202.0,60.0
경기 평택시,7.0,39.0,91.0
경기 포천시,7.0,58.0,11.0
경기 하남시,0.0,27.0,36.0
경기 화성시,6.0,60.0,126.0
경남 null,2.0,0.0,0.0
경남 거제시,11.0,63.0,39.0
경남 거창군,6.0,22.0,4.0
경남 고성군,1.0,28.0,3.0
경남 김해시,6.0,54.0,47.0
경남 남해군,5.0,43.0,6.0
경남 밀양시,4.0,39.0,6.0
경남 사천시,3.0,26.0,9.0
경남 산청군,4.0,25.0,1.0
경남 양산시,7.0,24.0,26.0
경남 의령군,2.0,17.0,0.0
경남 진주시,7.0,45.0,51.0
경남 창녕군,5.0,24.0,8.0
경남 창원시,13.0,112.0,95.0
경남 통영시,11.0,49.0,14.0
경남 하동군,4.0,20.0,2.0
경남 함안군,1.0,17.0,4.0
경남 함양군,8.0,27.0,2.0
경남 합천군,6.0,24.0,1.0
경북 경산시,1.0,16.0,30.0
경북 경주시,6.0,95.0,30.0
경북 고령군,1.0,17.0,1.0
경북 구미시,1.0,39.0,46.0
경북 군위군,0.0,14.0,1.0
경북 김천시,4.0,22.0,9.0
경북 문경시,3.0,36.0,5.0
경북 봉화군,3.0,13.0,1.0
경북 상주시,4.0,23.0,4.0
경북 성주군,1.0,17.0,3.0
경북 안동시,1.0,66.0,21.0
경북 영덕군,5.0,33.0,3.0
경북 영양군,4.0,20.0,1.0
경북 영주시,1.0,25.0,8.0
경북 영천시,3.0,24.0,2.0
경북 예천군,1.0,20.0,2.0
경북 울릉군,1.0,23.0,0.0
경북 울진군,7.0,38.0,1.0
경북 의성군,4.0,14.0,1.0
경북 청도군,1.0,47.0,1.0
경북 청송군,5.0,22.0,3.0
경북 칠곡군,4.0,27.0,14.0
경북 포항시,8.0,67.0,44.0
광주 광산구,0.0,20.0,70.0
광주 남구,0.0,36.0,17.0
광주 동구,0.0,47.0,37.0
광주 북구,0.0,40.0,18.0
광주 서구,0.0,37.0,29.0
광주시 남구,1.0,0.0,0.0
광주시 동구,9.0,0.0,0.0
광주시 북구,3.0,0.0,0.0
광주시 서구,3.0,0.0,0.0
대구 남구,0.0,34.0,33.0
대구 달서구,0.0,20.0,48.0
대구 달성군,0.0,29.0,20.0
대구 동구,0.0,33.0,28.0
대구 북구,0.0,31.0,47.0
대구 서구,0.0,3.0,12.0
대구 수성구,0.0,35.0,87.0
대구 중구,0.0,58.0,104.0
대구시 null,2.0,0.0,0.0
대구시 남구,4.0,0.0,0.0
대구시 달서구,11.0,0.0,0.0
대구시 달성군,6.0,0.0,0.0
대구시 동구,4.0,0.0,0.0
대구시 북구,7.0,0.0,0.0
대구시 수성구,6.0,0.0,0.0
대구시 중구,7.0,0.0,0.0
대전 대덕구,0.0,22.0,14.0
대전 동구,0.0,21.0,37.0
대전 서구,0.0,34.0,96.0
대전 유성구,0.0,48.0,114.0
대전 중구,0.0,31.0,43.0
대전시 대덕구,1.0,0.0,0.0
대전시 동구,6.0,0.0,0.0
대전시 서구,3.0,0.0,0.0
대전시 유성구,4.0,0.0,0.0
대전시 중구,2.0,0.0,0.0
부산 강서구,0.0,12.0,17.0
부산 금정구,0.0,24.0,50.0
부산 기장군,0.0,24.0,23.0
부산 남구,0.0,30.0,50.0
부산 동구,0.0,16.0,24.0
부산 동래구,0.0,21.0,31.0
부산 부산진구,0.0,26.0,116.0
부산 북구,0.0,7.0,22.0
부산 사상구,0.0,4.0,12.0
부산 사하구,0.0,24.0,21.0
부산 서구,0.0,12.0,11.0
부산 수영구,0.0,29.0,65.0
부산 연제구,0.0,11.0,27.0
부산 영도구,0.0,9.0,6.0
부산 중구,0.0,26.0,50.0
부산 해운대구,0.0,60.0,165.0
부산시 null,1.0,0.0,0.0
부산시 강서구,1.0,0.0,0.0
부산시 기장군,1.0,0.0,0.0
부산시 남구,5.0,0.0,0.0
부산시 동구,1.0,0.0,0.0
부산시 동래구,5.0,0.0,0.0
부산시 부산진구,1.0,0.0,0.0
부산시 북구,2.0,0.0,0.0
부산시 사상구,2.0,0.0,0.0
부산시 사하구,2.0,0.0,0.0
부산시 수영구,2.0,0.0,0.0
부산시 영도구,1.0,0.0,0.0
부산시 중구,3.0,0.0,0.0
부산시 해운대구,14.0,0.0,0.0
서울 강남구,0.0,201.0,585.0
서울 강동구,0.0,16.0,55.0
서울 강북구,0.0,15.0,19.0
서울 강서구,0.0,25.0,59.0
서울 관악구,0.0,20.0,81.0
서울 광진구,0.0,31.0,103.0
서울 구로구,0.0,24.0,66.0
서울 금천구,0.0,15.0,46.0
서울 노원구,0.0,26.0,55.0
서울 도봉구,0.0,17.0,23.0
서울 동대문구,0.0,23.0,35.0
서울 동작구,0.0,20.0,60.0
서울 마포구,0.0,119.0,364.0
서울 서대문구,0.0,42.0,97.0
서울 서초구,0.0,85.0,242.0
서울 성동구,0.0,33.0,96.0
서울 성북구,0.0,47.0,77.0
서울 송파구,0.0,53.0,192.0
서울 양천구,0.0,17.0,49.0
서울 영등포구,0.0,42.0,147.0
서울 용산구,0.0,72.0,419.0
서울 은평구,0.0,24.0,36.0
서울 종로구,0.0,423.0,244.0
서울 중구,0.0,125.0,240.0
서울 중랑구,0.0,8.0,25.0
서울시 null,2.0,0.0,0.0
서울시 강남구,16.0,0.0,0.0
서울시 강동구,2.0,0.0,0.0
서울시 강북구,1.0,0.0,0.0
서울시 강서구,2.0,0.0,0.0
서울시 광진구,8.0,0.0,0.0
서울시 구로구,1.0,0.0,0.0
서울시 노원구,1.0,0.0,0.0
서울시 동작구,2.0,0.0,0.0
서울시 마포구,8.0,0.0,0.0
서울시 서대문구,5.0,0.0,0.0
서울시 서울시청,2.0,0.0,0.0
서울시 서초구,7.0,0.0,0.0
서울시 성동구,4.0,0.0,0.0
서울시 성북구,4.0,0.0,0.0
서울시 송파구,6.0,0.0,0.0
서울시 양천구,1.0,0.0,0.0
서울시 영등포구,9.0,0.0,0.0
서울시 용산구,4.0,0.0,0.0
서울시 종로구,26.0,0.0,0.0
서울시 중구,25.0,0.0,0.0
서울시 중랑구,1.0,0.0,0.0
세종 가름로,0.0,0.0,2.0
세종 갈매로,0.0,3.0,0.0
세종 국립박물관로,0.0,1.0,0.0
세종 국세청로,0.0,1.0,0.0
세종 국책연구원3로,0.0,1.0,0.0
세종 금남면,0.0,4.0,0.0
세종 금송로,0.0,1.0,0.0
세종 나성로,0.0,0.0,3.0
세종 나성북1로,0.0,0.0,1.0
세종 내창1길,0.0,0.0,1.0
세종 내창3길,0.0,0.0,1.0
세종 노을3로,0.0,0.0,1.0
세종 다솜3로,0.0,1.0,0.0
세종 다솜로,0.0,3.0,0.0
세종 달빛로,0.0,0.0,3.0
세종 대평3길,0.0,1.0,0.0
세종 도움3로,0.0,0.0,1.0
세종 도움8로,0.0,0.0,2.0
세종 마음로,0.0,0.0,2.0
세종 만남로,0.0,1.0,1.0
세종 문화길,0.0,0.0,1.0
세종 보듬3로,0.0,0.0,1.0
세종 보듬4로,0.0,0.0,1.0
세종 부강로,0.0,0.0,2.0
세종 새내로,0.0,0.0,1.0
세종 새롬서로,0.0,1.0,0.0
세종 새롬중앙로,0.0,0.0,2.0
세종 섭골길,0.0,0.0,1.0
세종 세종동,0.0,6.0,0.0
세종 소정면,0.0,1.0,0.0
세종 수목원로,0.0,1.0,0.0
세종 시청대로,0.0,0.0,3.0
세종 아름서1길,0.0,0.0,2.0
세종 아름서길,0.0,0.0,1.0
세종 어울누리로,0.0,1.0,0.0
세종 연동면,0.0,2.0,0.0
세종 연서면,0.0,2.0,0.0
세종 원마루길,0.0,0.0,1.0
세종 전동면,0.0,2.0,0.0
세종 전의면,0.0,3.0,0.0
세종 절재로,0.0,0.0,2.0
세종 조치원읍,0.0,4.0,0.0
세종 한누리대로,0.0,0.0,8.0
세종 한솔동로,0.0,1.0,0.0
세종 해밀동,0.0,1.0,0.0
세종 행복12길,0.0,0.0,1.0
세종 행복7길,0.0,0.0,1.0
세종 호려울로,0.0,0.0,1.0
세종시 null,2.0,0.0,0.0
세종시 조치원읍,1.0,0.0,0.0
울산 남구,0.0,28.0,86.0
울산 동구,0.0,19.0,19.0
울산 북구,0.0,17.0,11.0
울산 울주군,0.0,47.0,18.0
울산 중구,0.0,22.0,26.0
울산시 남구,7.0,0.0,0.0
울산시 동구,5.0,0.0,0.0
울산시 북구,4.0,0.0,0.0
울산시 울주군,5.0,0.0,0.0
울산시 중구,5.0,0.0,0.0
인천 강화군,0.0,56.0,5.0
인천 계양구,0.0,14.0,32.0
인천 남동구,0.0,18.0,74.0
인천 동구,0.0,7.0,4.0
인천 미추홀구,0.0,29.0,35.0
인천 부평구,0.0,12.0,74.0
인천 서구,0.0,19.0,68.0
인천 연수구,0.0,31.0,146.0
인천 옹진군,0.0,64.0,1.0
인천 중구,0.0,62.0,73.0
인천시 null,2.0,0.0,0.0
인천시 강화군,3.0,0.0,0.0
인천시 남구,5.0,0.0,0.0
인천시 남동구,4.0,0.0,0.0
인천시 동구,1.0,0.0,0.0
인천시 부평구,2.0,0.0,0.0
인천시 서구,6.0,0.0,0.0
인천시 연수구,7.0,0.0,0.0
인천시 중구,8.0,0.0,0.0
전남 강진군,3.0,22.0,0.0
전남 고흥군,2.0,47.0,3.0
전남 곡성군,4.0,25.0,2.0
전남 광양시,5.0,28.0,11.0
전남 구례군,5.0,28.0,3.0
전남 나주시,1.0,31.0,10.0
전남 담양군,2.0,31.0,3.0
전남 목포시,6.0,34.0,17.0
전남 무안군,2.0,28.0,5.0
전남 보성군,1.0,25.0,1.0
전남 순천시,2.0,49.0,27.0
전남 신안군,1.0,72.0,0.0
전남 여수시,5.0,80.0,19.0
전남 영광군,3.0,17.0,0.0
전남 영암군,4.0,36.0,6.0
전남 완도군,4.0,51.0,0.0
전남 장성군,2.0,17.0,0.0
전남 장흥군,4.0,30.0,0.0
전남 진도군,3.0,39.0,1.0
전남 함평군,4.0,21.0,1.0
전남 해남군,3.0,39.0,0.0
전남 화순군,1.0,27.0,2.0
전북 고창군,9.0,22.0,4.0
전북 군산시,6.0,41.0,25.0
전북 김제시,5.0,23.0,3.0
전북 남원시,11.0,36.0,2.0
전북 무주군,2.0,21.0,1.0
전북 부안군,2.0,26.0,0.0
전북 순창군,4.0,16.0,1.0
전북 완주군,3.0,32.0,8.0
전북 익산시,4.0,34.0,18.0
전북 임실군,8.0,15.0,3.0
전북 장수군,2.0,8.0,1.0
전북 전주시,11.0,220.0,88.0
전북 정읍시,8.0,26.0,8.0
전북 진안군,1.0,12.0,1.0
제주 null,1.0,0.0,0.0
제주 서귀포시,21.0,190.0,122.0
제주 제주시,28.0,220.0,161.0
충남 null,1.0,0.0,0.0
충남 계룡시,3.0,4.0,2.0
충남 공주시,1.0,54.0,7.0
충남 금산군,9.0,34.0,5.0
충남 논산시,6.0,28.0,8.0
충남 당진시,3.0,35.0,13.0
충남 보령시,12.0,40.0,4.0
충남 부여군,3.0,32.0,4.0
충남 서산시,15.0,19.0,11.0
충남 서천군,11.0,41.0,0.0
충남 아산시,1.0,39.0,46.0
충남 예산군,3.0,28.0,1.0
충남 천안시,5.0,69.0,102.0
충남 청양군,7.0,19.0,0.0
충남 태안군,14.0,59.0,3.0
충남 홍성군,3.0,24.0,12.0
충북 null,1.0,0.0,0.0
충북 괴산군,2.0,23.0,0.0
충북 단양군,3.0,33.0,2.0
충북 보은군,0.0,21.0,0.0
충북 영동군,9.0,19.0,2.0
충북 옥천군,5.0,21.0,1.0
충북 음성군,4.0,21.0,14.0
충북 제천시,4.0,42.0,11.0
충북 증평군,4.0,9.0,9.0
충북 진천군,3.0,22.0,13.0
충북 청원군,1.0,0.0,0.0
충북 청주시,8.0,100.0,111.0
충북 충주시,13.0,59.0,30.0
