title,rating,reviews,price,region,platform
"경주 베스트 코스 (종일 & 반일) | 불국사 & 석굴암, 황니단길, 동궁 & 월지 (안압지), 월정교, 대릉원, 양동 & 교촌마을, 해운대 블루라인 공원 스카이 캡슐 (부산 출발)",4.84,3934,53693,경상북도 경주시,KKday
인천 당일 투어 A | 루지 + 레일바이크 + 갈매기 먹이 주기 + 월미도 관광 (동화마을/차이나타운/신포시장),4.73,1152,12741,인천광역시 중구,KKday
KKday Only | 에버랜드 당일 투어,4.72,1690,70600,경기도 용인시,KKday
"경주 일일 투어|황리단길, 대릉원, 불국사, 경주 교촌마을, 안압지, 월정교 (부산 출발)",4.94,1967,65332,경상북도 경주시,KKday
강원도 일일 투어 | 남이섬 & 알파카월드 & 아침고요수목원 & 겨울 한정 어비계곡 (서울 출발),4.75,7584,42437,강원도 춘천시,KKday
[인기 관광지] 알파카 공원과 남이섬을 포함한 서울 근교 단체 당일 여행 | 서울 출발,4.81,1509,91531,강원도 춘천시,KKday
인천 | 강화도 루지 & 케이블카 티켓,4.92,161,18057,인천광역시 강화군,KKday
"에버랜드/캐리비안베이 셔틀버스 티켓 (홍대,명동,동대문역사문화공원역근처 출발)",4.72,1072,15998,경기도 용인시,KKday
DMZ 투어: JSA 박물관 & 도라 전망대 & 제3땅굴 | 서울 출발,4.9,1553,69307,경기도 파주시,KKday
"[부산 출발] 경주 완벽 여행 일정: 완벽한 낮과 밤 투어 | 불국사, 첨성대 전망대, 황리단로, 동궁, 월지 야경",5.0,37,79222,경상북도 경주시,KKday
[외국인 전용] 인천 씨메르(Cimer) 스파 & 찜질방 입장권,4.71,400,23996,인천광역시 중구,KKday
인천 당일 투어 B | 강화도 루지 + 한국식 정식 + 초양직물 + 오구라직물 체험관 + 강화 재래시장 + 브랜드 아울렛 쇼핑센터,4.66,364,12741,경기도 김포시,KKday
레고랜드 코리아: 셔틀버스 & 입장권 (서울 출발) | 대한민국,4.73,301,70026,강원도 춘천시,KKday
DMZ | 비무장지대 일일투어,4.9,990,71558,경기도 파주시,KKday
"남이섬 1일 버스 투어 | 남이섬, 쁘띠프랑스,  리틀 이탈리, 강촌 레일바이크, 알파카월드 | 한국여행",4.74,10713,25002,강원도 춘천시,KKday
"[유네스코] 포천 하이라이트: 핑크 모래사장, Y-브릿지 & 아트밸리 당일 투어 (서울 출발)",4.53,397,70026,경기도 가평군,KKday
한국 인천 | 강화루지 셔틀 버스  (서울 출발),4.86,212,35061,인천광역시 강화군,KKday
수원: 서울 출발 화성/광명동굴/별빛도서관 투어,4.79,14,77545,경기도 수원시,KKday
부산 출발 경주 유네스코 유적지 체험 투어,4.94,35,55034,경상북도 경주시,KKday
"[얼리버드 할인 가능] 대한민국 강원도 | 홍천, 대명 소노비발디파크 스키 리조트 3일 2박 / 4일 3박",3.69,36,11495,강원도 홍천군,KKday
부산 출발 밀양 힐링 여행 | 한옥 카페 + 전통 사찰 & 막걸리 체험,4.75,60,100057,경상남도 밀양시,KKday
춘천 김유정 레일바이크 탑승권,4.73,2064,37647,강원도 춘천시,KKday
[서울 출발] 수원 화성 / 광명동굴 / 한국민속촌 / 수원 스타필드 도서관 투어,4.76,106,71271,경기도 수원시,KKday
케이팝 x K-드라마 강릉 일일 투어 | 아르떼뮤지엄 x 주문진 x 뮤비 촬영지 주문진 버스정류장 x 아들바위공원 x 중앙시장 (서울 출발),4.71,24,123335,강원도 속초시,KKday
"인천 당일 투어 | 루지, 레일바이크, 페리 및 갈매기 먹이 주기 | 서울 출발",4.92,12,91819,인천광역시 중구,KKday
대한민국 지산 스키 리조트 당일 여행 | 중국어 및 영어로 강습을 제공하는 전문 스키 강사 • 서울 출발,4.85,1844,33432,경기도 이천시,KKday
"부산 출발 울산 울주군 힐링 당일 투어 | 대나무 숲, 출렁다리 & 해안 절경",5.0,9,125059,울산광역시 울주군,KKday
서울 출발 산정호수+아트밸리+재인폭포 투어,5.0,3,82527,경기도 포천시,KKday
[KKday 기간한정 할인] 남북 역사 DMZ 반나절 투어 | 임진각 공원 & 제3땅굴 & 도라전망대,4.89,422,70840,경기도 파주시,KKday
"강화도/파주 데이 투어|강화도 LUGE, 화개산전망대, 조양직물카페, 칠리소스 만들기 체험, 아울렛 쇼핑 (서울 출발)",4.61,62,105565,인천광역시 강화군,KKday
"전라도 2박 3일 | [청주공항 미팅] 한류와 미식 소도시여행 - 전주,여수,순천,남원,완주",0.0,0,268895,전라남도 순천시,KKday
서울 근교 딸기 따기 당일 여행 | 어비빙곡 / 구글폭포빙곡 / 스키 체험 / 남이섬 / 딸기 따기 / 레일사이클 / 쁘띠프랑스 / 아침고요수목원 (서울 출발),4.83,346,125491,강원도 춘천시,KKday
"여름 가족 여행 특선: 농장에서 복숭아 따기, 레고랜드, 루지 램프 바이크, 강촌 레일 바이크, 알파카 농장 | 서울 출발 (*레고랜드 교통편 패키지 할인 포함)",4.76,125,88227,강원도 홍천군,KKday
[30% 프로모션 할인] 일일투어|강원도 설악산 + 낙산사 투어 (서울 출발),4.67,287,94166,강원도 속초시,KKday
"대한민국 부산 출발 | 순천만 국립정원, 거제도, 팔공산 케이블카",3.79,14,107098,전라남도 순천시,KKday
서울 출발 한국민속촌 & 수원 화성 당일 투어,4.83,129,78168,경기도 수원시,KKday
"대한민국 강화도, 교동도, 월미도 - 합승 차량 당일 여행 | 화개정원 모노레일, 강화도 루지, 조양섬유카페, 월미도 갈매기 먹이 주기 체험",0.0,0,100057,인천광역시 강화군,KKday
에버랜드 셔틀 투어: 팬더 월드 우선 입장 (7월 31일 종료),4.9,50,78791,경기도 용인시,KKday
"대구 출발 경주 당일치기 투어: 불국사, 교촌마을, 대릉원, 동궁",5.0,9,115049,경상북도 경주시,KKday
"가을 단풍 여행 | 전주 한옥마을, 한복 체험, 장태산 당일치기 여행 | 서울 출발",5.0,3,102500,전라북도 전주시,KKday
대한민국 | 서울 출발 | 남이섬 + 설악산 당일치기 여행 | 강원도 자연경관 하이라이트 코스,4.67,172,107098,강원도 속초시,KKday
대구시티투어버스-테마버스(야경코스),4.66,73,11256,대구광역시,KKday
"[대구 출발] 경주 일일투어 (불국사, 대릉원, 첨성대, 경주국립박물관, 황리단길)",4.97,64,62697,경상북도 경주시,KKday
강원도 일일 투어 | 알파카월드 & 남이섬 & 레일바이크 & 쁘띠프랑스 & 아침고요수목원 + 삼악산 케이블카 (조인/프라이빗 투어),4.73,182,100153,강원도 홍천군,KKday
단양 일일 투어|도담삼봉 크루즈 & 만천하 스카이워크 (서울 출발),4.5,18,117061,충청북도 단양군,KKday
대구시티투어 관광버스 | 도심순환,4.57,369,7185,대구광역시,KKday
"[얼리버드 할인 가능] 대한민국 강원도 | 홍천, 대명 소노비발디파크 스키 2박 1일 투어",4.38,131,11495,강원도 홍천군,KKday
[2027년 겨울 한정 특가] 서울 출발 | 2027 강원도 화천산 송어 축제 당일 여행 | 얼음낚시 + 딸기 따기 체험 / 실내 얼음 조각 광장,4.93,139,52974,강원도 화천군,KKday
"강원도 당일치기 여행 | 설악산 단풍 감상 (케이블카 옵션 투어 포함) / 속초해수욕장, 관광수산시장, 족욕장, 설악산 케이블카 | 서울 출발",4.81,43,83628,강원도 속초시,KKday
서울 출발 | 한국 전통 회화 체험 • 수원 화성 • 광명동굴 탐험 • 수원 별빛도서관,5.0,2,62554,경기도 수원시,KKday
대한민국 강원도 | 설악산 국립공원 단풍 구경 당일치기 여행 | 서울 출발,4.69,679,84107,강원도 속초시,KKday
강원 일일 투어: 레고랜드 & 알파카 월드 또는 남이섬 | 대한민국,4.58,81,110163,강원도 춘천시,KKday
경주 소그룹 사진 투어(최대 7명) | 한국,5.0,7,116917,경상북도 경주시,KKday
강릉 정동진 해변 + 절벽 카페 + 드라마 '도깨비' 촬영지 + 인기 버스터미널 당일치기 여행 | 서울 출발,0.0,0,135070,강원도 강릉시,KKday
[30% 할인] 서울 출발 아산 꽃 축제 & 500년 역사의 오암 마을 당일 투어,5.0,1,20021,충청남도 아산시,KKday
"경상북도 | 대구 근교, 청도 투어 (운문사, 청도읍성, 레일바이크)",4.95,21,62697,경상북도 청도군,KKday
부산+경주 1일 투어|부산 감천+스카이캡슐+경주 유명 관광지 (부산 출발),4.94,18,125586,경상북도 경주시,KKday
[대한민국] 기차 여행 + 낭만적인 남이섬 & 유럽풍 마을 투어 (1일 투어) | 서울 출발,0.0,0,97327,강원도 춘천시,KKday
"경주 유네스코 세계문화유산 야경 투어: 불국사, 양동마을, 한옥마을, 대릉원과 천마릉, 첨성대, 월정대교, 동궁과 월지 | 부산 출발",0.0,0,127885,경상북도 경주시,KKday
DMZ 프리미엄 소그룹: 북한의 모든 것을 경험하세요,0.0,0,135070,경기도 파주시,KKday
"[얼리버드 할인 가능] 대한민국 강원도 | 홍천, 대명 소노비발디파크 스노우랜드 당일 투어 (서울 출발)",4.33,9,66960,강원도 홍천군,KKday
지금 예약하세요! 봄 벚꽃 구경 | 화담숲 & 갓 딴 딸기 당일 여행 / 한국민속촌 + 수원 화성 + 제부도 케이블카 당일 여행 | 서울 출발,4.88,17,97088,경기도 화성시,KKday
[스키 30% 할인] 엘리시안 강촌 스키 당일 투어(서울 출발),4.75,1194,121994,강원도 춘천시,KKday
파주 일일 투어|퍼스트가든 & 루지 & 마장호수 & 아울렛 (서울 출발),5.0,2,80276,경기도,KKday
"DMZ 내부 투어: 북한 탈북민과의 질의응답, 제3터널 및 교량 건설 방안",4.84,185,71846,경기도,KKday
포천 당일치기 여행 | 계절별 인기 명소 | 서울 출발,4.8,49,81090,경기도 포천시,KKday
"[서울 출발] 오크밸리 외국인 전용 스키 스쿨 | 중국어 스키 강습, 전용 라운지, 초보자 친화적인 스키 당일 여행",4.86,72,45023,강원도 원주시,KKday
오두산 전망대 · 파주 프리미엄 아울렛 · 강화도 루지 당일 투어,5.0,4,84155,경기도 김포시,KKday
경기도 반일투어|광명동굴 & 서해랑 제부도 해상케이블카,5.0,6,81521,경기도 광명시,KKday
전주 한옥마을 한복 대여 | 한복남,4.47,72,7999,전라북도 전주시,KKday
[봄 한정 특가] 경남 꽃구이 당일치기 여행 (부산 출발),0.0,0,126640,강원도 고성군,KKday
"[매주 토요일, 서울 출발 | 1일투어] 전등사 & 강화루지 & 강화평화전망대 & 조양방직카페+현지특식 (한정식)",5.0,3,131334,인천광역시 강화군,KKday
부산 출발 경주 단풍 당일 투어: 보문 관광 단지 & 경주 역사 지구,4.71,41,118881,경상북도 경주시,KKday
"[얼리버드 할인 가능] 대한민국 강원도 | 홍천, 대명 소노비발디파크 셔틀버스 / 스노위랜드 스노우파크 당일 투어 / 스키 당일 투어",4.64,122,11495,강원도 홍천군,KKday
부산 출발 김해 역사 & 문화 하이라이트 당일 투어,0.0,0,56279,경상남도 김해시,KKday
(부산 출발) 진주 남강 등불 축제 당일 여행,0.0,0,134543,경상남도 진주시,KKday
"인천 | 바다에서 갈매기 먹이 주기, 인천 차이나타운, 송월동 동화마을 | 서울 출발",4.52,44,103218,인천광역시 중구,KKday
단양 당일 투어 | 한국의 숨겨진 보석 | 서울 출발,5.0,25,125443,충청북도 단양군,KKday
대한민국 전라남도 | 내장산 + 전주 한옥마을 단풍 구경 당일치기 여행 | 서울 출발,4.72,103,84155,전라북도 전주시,KKday
[대구 출발] 아름다운 풍경을 감상 할 수 있는 군위군 투어,0.0,0,9436,대구광역시 군위군,KKday
"[ 대구 시내,  대구 공항 TAE 출발 ] 청도 소규모 프라이빗 투어 (와인터널, 운문사, 신화랑 풍류마을, 청도읍성, 레일바이크)",5.0,3,94597,경상북도 청도군,KKday
인천강화도|캠핑 BBQ BBQ + 강화 씨사이드 리조트 슬로프카 + 화개산 스카이워크 스카이워크 전망대 + 차오통 대룡리 시장,3.33,3,131813,인천광역시 강화군,KKday
대구 당일치기 여행: 팔공산 케이블카 & E-월드 야경 감상,5.0,1,126640,대구광역시 북구,KKday
속초 | 2026 워터밤 | 서울 출발,2.0,1,41287,강원도 속초시,KKday
[서울 출발] 베고니아 새정원/자라섬 꽃 페스타/어비계곡 데이투어,0.0,0,91819,경기도 가평군,KKday
"인천 프라이빗 당일 투어: 루지, 레일바이크, 페리 탑승 및 갈매기 먹이 주기 체험",5.0,4,179375,인천광역시 강화군,KKday
"전주 한옥마을 투어 | 가을 단풍, 여름의 푸르름, 겨울 설경, 봄 벚꽃 | 서울 출발",4.69,90,72660,전라북도 전주시,KKday
서울 출발 설악산 당일 투어 + 남이섬 / 벚꽃 / 가을꽃 / 어비빙하,4.77,13,72852,강원도 속초시,KKday
수원 종일 투어 | 화성 & 별빛도서관 + 야경 / 장태산 | 서울 출발,0.0,0,125443,경기도 수원시,KKday
화려한 의상 체험 이벤트 | 한국 드라마 인기 촬영지 | MBC 대장금 테마파크 반나절 투어,4.69,149,62745,경기도 용인시,KKday
(반환 보장) 크루즈 승객을 위한 여수 주요 명소 당일 투어,0.0,0,109062,전라남도 여수시,KKday
"전라도 1박 2일 | [청주공항 미팅] 한류와 미식 소도시여행 - 전주,여수,순천,남원,완주",0.0,0,178225,전라남도 순천시,KKday
[서울 출발] 청주/세종/청양 알프스마을/칠갑산 축제 | 합승 일일 투어 & 챠터 투어,0.0,0,99434,충청북도 청주시,KKday
경주 택시 투어 (택시 기사 포함),0.0,0,206341,경상북도 경주시,KKday
원주 소금산 케이블카 + 현수교・여주 프리미엄 아울렛 일일 투어 (서울 출발),4.39,23,82239,강원도 원주시,KKday
강원도 일일 투어 | 철원 DMZ 제2땅굴+드라마 [사랑의 불시착] 촬영지 하늘다리 투어 (서울 출발),5.0,6,156049,강원도 철원군,KKday
"인천 프라이빗 투어: 석모도 미네랄온천, 스카이라인 루지, 소창체험관, 조양직물, 민속벼룩시장 & 강화성공회 | 한국",5.0,4,388446,인천광역시 강화군,KKday
인더숲 BTS Ver. 일일 프라이빗 VIP 투어,5.0,1,1300647,강원도 평창군,KKday
"[매주 금요일, 서울 출발 | 1일투어] 전주한옥마을 & 전동성당 & 경기전+현지특식 (전주물갈비)",5.0,3,131334,전라북도 전주시,KKday
"깜짝 선물! 성인 1+1 | 한국 가을 단풍 숨겨진 명소 2일 투어, 1인당 HKD 999부터 | SNS에서 인기 있는 단풍 카페, 800년 된 단풍나무가 있는 허탄숲에서 아름다운 가을 단풍 감상 | 고급 전복 인삼 닭다리살과 한국 전통 숯불구이 치킨 제공 | 4성급 호텔 숙박 보장 | 1인 출발보장",0.0,0,194894,경기도 광주시,KKday
[한국] 지산 스키 체험 | 스키 장비 풀 세트 포함 ‧ 케이블카 1일 이용권 ‧ 개인 차량 이동 | 광동어 전문 강사 | 소규모 강습/소규모 패키지 수업 | 서울 출발,4.88,83,122521,경기도 이천시,KKday
[KKday 얼리버드 프로모션] 경기도 일일 투어|화담숲 & 광명동굴 & 한국민속촌 (서울 출발),3.82,33,79845,경기도 광주시,KKday
대한민국 강원도 | 강릉 & 동해 해안 경관 및 한옥 체험 2일 1박 투어,0.0,0,1916,강원도 강릉시,KKday
"KKday 할인 10% 끄기 | 서울 출발 양평 일일 투어: 용문사, 두물머리, 꿈꾸는 카메라 카페 & 한강 유람선",4.62,78,106188,경기도 양평군,KKday
수원 & 용인 | 전통 한류 당일 투어 | 서울 출발,5.0,1,65044,경기도 수원시,KKday
부산 출발 안동 종일 문화 투어 | 전통 체험 및 한복 관람,0.0,0,125059,경상북도 안동시,KKday
"서울 출발‧강화도 1일 투어 | 강화도 루지, 현지 시장, 고쿠라 체험센터 - 거즈 손수건 만들기, 조양 섬유 박물관 & 카페",0.0,0,110068,인천광역시 강화군,KKday
경주 & 청도 | 2일 1박 × 사우나 체험 × 100년 된 한옥 숙박 × 소규모 그룹 출발 × 심층 세계문화유산 투어 | 대구/부산 출발,0.0,0,516379,경상북도 청도군,KKday
대한민국 | 지산 리조트 & 봉황공원 2일 1박 스키 투어 | 서울 출발,4.98,58,309511,경기도 이천시,KKday
"한류 드라마(미스터 선샤인, 구르미 그린 달빛) 촬영지 전주 논산 일일투어",4.85,13,480265,전라북도 전주시,KKday
[서울 출발] K-POP 팬들의 필수 순례지 | 12시간 투어,0.0,0,302662,강원도 강릉시,KKday
"대구, 대한민국 | 대구 근대 골목길과 서문시장 1일 투어 [대구 공항 출발 / 대구시 출발]",0.0,0,122377,대구광역시 중구,KKday
서울 출발 | DMZ에서 가장 가까운 북한이 보이는 스타벅스 애기봉 전망대 투어,5.0,16,59680,경기도 김포시,KKday
"가을 한정판 | 포천에서 동화 속으로: 분홍 억새 가을 축제 - 보보 초원, 동화 같은 분홍 억새 X 포천 아트 밸리 X 허브 아일랜드 랜드 | 서울 출발",3.99,78,125155,경기도 양주시,KKday
[얼리버드 할인 가능] 대한민국 강원도 | 홍천대명 소노비발디파크 야간스키 패스/개인 야간스키 강습,0.0,0,80324,강원도 홍천군,KKday
"[30% 할인] 가평 알파카, 양 목장, 베고니아 새 공원 & 수생 정원 투어",0.0,0,28786,경기도 가평군,KKday
남이섬 액티비티 할인 이용권 자전거 / 커플자전거,4.9,10,7999,강원도,KKday
이천 & 여주 | 역사 & 도자기 투어 | 서울 출발,0.0,0,65044,경기도 이천시,KKday
김포 | 평화와 음식 투어 | 서울 출발,0.0,0,65044,경기도 김포시,KKday
"경기도 포천 애완동물 & 풍경 당일치기 여행 | 평강랜드, 마이 애니멀 스토리 목장, 아트밸리, 허브 아일랜드 공원 | 서울 출발",0.0,0,115815,경기도 포천시,KKday
경기도 | 김 박물관 김밥만들기 +고양 아쿠아필드 찜질스파 체험 당일투어 (인천공항 픽업 & 샌딩 가능),4.5,2,77402,경기도 고양시,KKday
한국 겨울 스키 체험: 서울 출발 엘리시안 강촌 스키 리조트 & 어비 빙산 당일 투어,4.71,476,20021,강원도 춘천시,KKday
대한민국 | 2026 봉화 은어 축제 당일 투어 | 서울 출발,0.0,0,10729,경상북도 봉화군,KKday
"한류 드라마(남자친구, 가을동화) 촬영지 속초 일일투어",5.0,6,421399,강원도 속초시,KKday
"경기도, 대한민국 | 광명동굴, 의왕 철도 자전거 투어 / 광명동굴 한국민속촌 1일 투어",0.0,0,193169,경기도 광명시,KKday
강원도(강릉) | 외국인을 위한 3시간 택시 노선,0.0,0,46652,강원도 강릉시,KKday
파주 | 파주 비무장지대 / 도슨트 투어 | 서울 출발,0.0,0,65044,경기도 파주시,KKday
어비빙하 & 남이섬 & 아침고요 & 레일바이크 & 쁘띠프랑스 (서울 출발),4.83,936,77450,강원도 춘천시,KKday
경기도 포천으로 떠나는 멋진 당일 여행 | Y자형 현수교 스카이워크 & 아트밸리 & 허브 아일랜드 놀이공원 | 서울 출발,0.0,0,99434,경기도 포천시,KKday
대한민국 파주 당일치기 여행 | 마친후 출렁다리 + 호숫가 카페 + 한국 최북단 탐험 + 아울렛 몰 | 서울 출발,0.0,0,112558,경기도 파주시,KKday
철원 | 한탄협곡 & 계절별 인기 명소 | 서울 출발 당일 투어,4.8,5,130041,강원도 철원군,KKday
"남이섬 공예원 할인 이용권 (램프워킹, 도자기/도장 만들기, 소주병/머그컵 페인팅 등)",3.5,2,14992,강원도,KKday
양평 패러글라이딩 체험,4.9,147,140051,경기도 양평군,KKday
[서울 출발] 강화도 당일 투어: 루지 + 오구라 손수건 도장 찍기 체험 / 전통 무차 체험,0.0,0,69595,인천광역시 강화군,KKday
"DMZ 평화연동열차 종일 투어: 도라산역, 도라 전망대 및 제3터널 | 가이드 투어",0.0,0,58339,경기도 파주시,KKday
부산 출발: 산청문화웰니스 당일 투어,0.0,0,75055,경상남도 산청군,KKday
경기 용인 에버랜드 종일이용권 - Klook,4.9,3722.0,₩45000,경기도 용인시,Klook
[전남] 여수투어패스 - Klook,3.7,6.0,₩11300,전라남도 여수시,Klook
캐리비안베이 이용권 - Klook,4.8,173.0,₩36100,경기도 용인시,Klook
하남 아쿠아필드 찜질스파 & 워터파크 이용권 - Klook,4.6,39.0,₩21500,경기도 하남시,Klook
춘천 레고랜드® 코리아 리조트 티켓 - Klook,4.5,610.0,₩44700,강원도 춘천시,Klook
대전 오월드 자유이용권 - Klook,4.8,208.0,₩30600,대전광역시,Klook
고양 아쿠아필드 찜질스파 & 루프탑풀 이용권 - Klook,4.7,39.0,₩21500,경기도 고양시,Klook
아르떼뮤지엄 강릉 입장권 - Klook,4.7,434.0,₩11800,강원도 강릉시,Klook
인천 국제공항 라운지 이용권 - Klook,4.3,138.0,₩36500,인천광역시 영종구,Klook
대전 엑스포 아쿠아리움 입장권 - Klook,4.4,5.0,₩26100,대전광역시,Klook
스몹 수원 이용권 - Klook,,,₩25000,경기도 수원시,Klook
경주월드 자유이용권/종일권/오후3시권 - Klook,4.8,526.0,₩29900,경상북도 경주시,Klook
경주 캘리포니아비치 자유이용권 종일권 / 오후권 - Klook,4.7,12.0,₩22900,경상북도 경주시,Klook
단양 패러글라이딩 체험 더쎈 - Klook,4.9,16.0,₩89500,충청북도 단양군,Klook
남이섬 입장권 (QR 코드 바로 입장) - Klook,4.8,3186.0,₩8000,강원도 춘천시,Klook
대구 이월드 자유이용권 - Klook,4.7,32.0,₩34900,대구광역시,Klook
인천 국제공항 마티나 골드 라운지 (ICN T2) - Klook,4.6,32.0,₩48200,인천광역시 영종구,Klook
스몹 대전 이용권 - Klook,,,₩25000,대전광역시,Klook
단양 패러글라이딩 (세계적인 패러글라이딩 장소 & CAFE) - Klook,4.9,37.0,₩110000,충청북도 단양군,Klook
여수 아쿠아플라넷 입장권 - Klook,4.7,345.0,₩29800,전라남도 여수시,Klook
"[경북투어패스] 신라경주 투어패스 48시간 (경주, 포항, 영천) - Klook",4.7,48.0,₩7500,경상북도 경주시,Klook
강원 정선 하이원 리조트 워터월드 이용권 - Klook,4.8,18.0,₩27400,강원도 정선군,Klook
인천 파라다이스시티 씨메르 아쿠아스파 & 찜질스파 이용권 - Klook,4.8,29.0,₩36000,인천광역시 중구,Klook
[전남/여수] 아르떼뮤지엄 입장권 - Klook,4.9,76.0,₩11400,전라남도 여수시,Klook
DMZ 제2땅굴 + 한탄강 하늘다리 - Klook,4.9,849.0,₩68200,경기도/강원도,Klook
서울 DMZ 제3땅굴 & 감악산 한탄강 하늘다리 프라이빗 투어 - Klook,5.0,1.0,,경기도/강원도,Klook
스몹 고양 이용권 - Klook,,,₩25000,경기도 고양시,Klook
경주 한국의 옛 수도 부산 출발 당일 투어 - Klook,4.9,3928.0,₩52700,경상북도 경주시,Klook
[쿠폰코드 할인] 단양 패러마을 패러글라이딩 - Klook,4.5,20.0,₩89900,충청북도 단양군,Klook
모나용평 마운틴코스터 이용권 - Klook,,,₩16000,강원도 평창군,Klook
수원 뤼미에르 향수: 나만의 향수 만들기  - Klook,5.0,1.0,₩35000,경기도 수원시,Klook
설악워터피아 이용권 - Klook,4.4,27.0,₩24700,강원도 속초시,Klook
하이원리조트 부대시설 이용권 - Klook,,,₩5600,강원도 정선군,Klook
경남 통영케이블카 이용권 - Klook,4.9,8.0,₩23200,경상남도 통영시,Klook
인천 중구 파라다이스시티 원더박스 자유이용권 - Klook,4.9,19.0,₩22800,인천광역시 중구,Klook
삼척 쏠비치 오션플레이 종일권 - Klook,5.0,1.0,₩38000,강원도 삼척시,Klook
Hwadam Botanical Garden & 한국 민속촌 1일 자연 & 문화 투어 - Klook,4.5,25.0,,경기도 광주시,Klook
천안 상록리조트 아쿠아피아 입장권 - Klook,,,₩19600,충청남도 천안시,Klook
아쿠아플라넷 광교 입장권 - Klook,4.5,365.0,₩23800,경기도 수원시,Klook
경주 신라 유적지 & 황금 야경 투어 - Klook,,,,경상북도 경주시,Klook
하회마을 & 도산서원 종일 문화 투어 - Klook,5.0,3.0,,경상북도 안동시,Klook
남이섬 가평탑랜드 번지점프 체험 - Klook,4.8,17.0,₩34000,경기도 가평군,Klook
포항 - 울릉도 대형 여객선 승선권 - Klook,3.6,5.0,₩79800,경상북도 포항시,Klook
포항 시내 프라이빗 일일 투어 - Klook,,,,경상북도 포항시,Klook
경기도 호텔 더메이 | 2026년 최신 가격 & 프로모션 - 클룩 Klook 대한민국,,,,경기도 남양주시,Klook
통영시 스탠포드 호텔앤리조트 통영 | 2026년 최신 가격 & 프로모션 - 클룩 Klook 대한민국,,,,경상남도 통영시,Klook
경주 문화공간 진 | 2026년 최신 가격 & 프로모션 - 클룩 Klook 대한민국,,,,경상북도 경주시,Klook
경기도 웨이브엠 호텔 웨스트 | 2026년 최신 가격 & 프로모션 - 클룩 Klook 대한민국,,,,경기도 시흥시,Klook
강원 홀리데이 인 리조트 알펜시아 평창 바이 IHG | 2026년 최신 가격 & 프로모션 - 클룩 Klook 대한민국,,,,강원도 평창군,Klook
경주 소이 한옥스테이 | 2026년 최신 가격 & 프로모션 - 클룩 Klook 대한민국,,,,경상북도 경주시,Klook
경주 시골 요리 강습 & 젓가락 만들기 - Klook,5.0,4.0,₩68800,경상북도 경주시,Klook
강원 속초 라마다호텔 | 2026년 최신 가격 & 프로모션 - 클룩 Klook 대한민국,,,,강원도 속초시,Klook
충남 당진 아미미술관 - Klook,,,₩7000,충청남도 당진시,Klook
전주 한옥마을 선녀와나무꾼 한복대여 - Klook,1.0,1.0,₩14100,전라북도 전주시,Klook
여수 라테라스 부티크 리조트 & 스파 | 2026년 최신 가격 & 프로모션 - 클룩 Klook 대한민국,,,,전라남도 여수시,Klook
인천 인천 에어포트 트랜짓 호텔 - 제2여객터미널 | 2026년 최신 가격 & 프로모션 - 클룩 Klook 대한민국,,,,인천광역시 중구,Klook
경주 코모도호텔 경주 | 2026년 최신 가격 & 프로모션 - 클룩 Klook 대한민국,,,,경상북도 경주시,Klook
나만의 시그니처 실버 주얼리 만들기 - Klook,5.0,1.0,₩70000,대구광역시,Klook
강원 켄싱턴리조트 설악밸리 | 2026년 최신 가격 & 프로모션 - 클룩 Klook 대한민국,,,,강원도 속초시,Klook
인천 Incheon Airport Yeongjong Hotel | 2026년 최신 가격 & 프로모션 - 클룩 Klook 대한민국,,,,인천광역시 영종구,Klook
인천 트리하우스 | 2026년 최신 가격 & 프로모션 - 클룩 Klook 대한민국,,,,인천광역시 중구,Klook
인천 인천 서클 호텔 | 2026년 최신 가격 & 프로모션 - 클룩 Klook 대한민국,,,,인천광역시 미추홀구,Klook
경상남도 골든루트호텔 in 김해 | 2026년 최신 가격 & 프로모션 - 클룩 Klook 대한민국,,,,경상남도 김해시,Klook
창원시 토요코인 창원 | 2026년 최신 가격 & 프로모션 - 클룩 Klook 대한민국,,,,경상남도 창원시,Klook
인천 인천공항 호텔 오션사이드 | 2026년 최신 가격 & 프로모션 - 클룩 Klook 대한민국,,,,인천광역시 중구,Klook
대구 퀸벨호텔&웨딩 | 2026년 최신 가격 & 프로모션 - 클룩 Klook 대한민국,,,,대구광역시,Klook
충청남도 신라스테이 천안 | 2026년 최신 가격 & 프로모션 - 클룩 Klook 대한민국,,,,충청남도 천안시,Klook
강원 춘천 봄 스테이 | 2026년 최신 가격 & 프로모션 - 클룩 Klook 대한민국,,,,강원도 춘천시,Klook
인천 더 스테이 송도 | 2026년 최신 가격 & 프로모션 - 클룩 Klook 대한민국,,,,인천광역시 연수구,Klook
대구 미드타운 호스텔 | 2026년 최신 가격 & 프로모션 - 클룩 Klook 대한민국,,,,대구광역시,Klook
대구 호텔 인터불고 엑스코 | 2026년 최신 가격 & 프로모션 - 클룩 Klook 대한민국,,,,대구광역시,Klook
창원시 스카이뷰관광호텔 | 2026년 최신 가격 & 프로모션 - 클룩 Klook 대한민국,,,,경상남도 창원시,Klook
경기도 아늑 료칸 호텔 파주점 | 2026년 최신 가격 & 프로모션 - 클룩 Klook 대한민국,,,,경기도 파주시,Klook
"광주 홀리데이 인 광주, IHG 호텔 | 2026년 최신 가격 & 프로모션 - 클룩 Klook 대한민국",,,,경기도 광주시,Klook
경기도 소노벨 양평 | 2026년 최신 가격 & 프로모션 - 클룩 Klook 대한민국,,,,경기도 양평군,Klook
경기도 부티크 호텔 K 오이도 | 2026년 최신 가격 & 프로모션 - 클룩 Klook 대한민국,,,,경기도 시흥시,Klook
거제시 호텔리베라 거제 | 2026년 최신 가격 & 프로모션 - 클룩 Klook 대한민국,,,,경상남도 거제시,Klook
전라북도 라베호텔 | 2026년 최신 가격 & 프로모션 - 클룩 Klook 대한민국,,,,전라북도 전주시,Klook
강원 삼척 솔비치 펜션 | 2026년 최신 가격 & 프로모션 - 클룩 Klook 대한민국,,,,강원도 삼척시,Klook
전라북도 전주라임호텔 | 2026년 최신 가격 & 프로모션 - 클룩 Klook 대한민국,,,,전라북도 전주시,Klook
경주 호스텔 다현 | 2026년 최신 가격 & 프로모션 - 클룩 Klook 대한민국,,,,경상북도 경주시,Klook
경기도 Aank Hotel Suwon Station | 2026년 최신 가격 & 프로모션 - 클룩 Klook 대한민국,,,,경기도 수원시,Klook
양산시 양산 타임스퀘어 호텔 | 2026년 최신 가격 & 프로모션 - 클룩 Klook 대한민국,,,,경상남도 양산시,Klook
경기도 From H Maru Hotel Pocheon | 2026년 최신 가격 & 프로모션 - 클룩 Klook 대한민국,,,,경기도 포천시,Klook
경기도 브라운도트 호텔 평택송탄점 | 2026년 최신 가격 & 프로모션 - 클룩 Klook 대한민국,,,,경기도 평택시,Klook
충청북도 제천 더 월 호텔 | 2026년 최신 가격 & 프로모션 - 클룩 Klook 대한민국,,,,충청북도 제천시,Klook
대구 마이다스 호텔 | 2026년 최신 가격 & 프로모션 - 클룩 Klook 대한민국,,,,대구광역시,Klook
전라북도 호텔 K | 2026년 최신 가격 & 프로모션 - 클룩 Klook 대한민국,,,,전라북도 전주시,Klook
안동 해피 큐 모텔 | 2026년 최신 가격 & 프로모션 - 클룩 Klook 대한민국,,,,경상북도 안동시,Klook
경기도 로얄 프라임 호텔 | 2026년 최신 가격 & 프로모션 - 클룩 Klook 대한민국,,,,경기도 수원시,Klook
안동 고려 호텔 | 2026년 최신 가격 & 프로모션 - 클룩 Klook 대한민국,,,,경상북도 안동시,Klook
경기도 남양주 북한강 돌체카사호텔 | 2026년 최신 가격 & 프로모션 - 클룩 Klook 대한민국,,,,경기도 남양주시,Klook
인천 드림트립 게스트하우스 | 2026년 최신 가격 & 프로모션 - 클룩 Klook 대한민국,,,,인천광역시 중구,Klook
강원 하슬라아트월드 미술관호텔 | 2026년 최신 가격 & 프로모션 - 클룩 Klook 대한민국,,,,강원도 강릉시,Klook
여수 더 호텔 수 | 2026년 최신 가격 & 프로모션 - 클룩 Klook 대한민국,,,,전라남도 여수시,Klook
전라북도 예원당 | 2026년 최신 가격 & 프로모션 - 클룩 Klook 대한민국,,,,전라북도 전주시,Klook
대구 ACT Hotel | 2026년 최신 가격 & 프로모션 - 클룩 Klook 대한민국,,,,대구광역시,Klook
대구 호텔투하트 | 2026년 최신 가격 & 프로모션 - 클룩 Klook 대한민국,,,,대구광역시,Klook
Unione di Comuni della Romagna Forlivese 샤르망 호텔 | 2026년 최신 가격 & 프로모션 - 클룩 Klook 대한민국,,,,전라남도 목포시,Klook
경주 HOTEL OPUS | 2026년 최신 가격 & 프로모션 - 클룩 Klook 대한민국,,,,경상북도 경주시,Klook
경기도 인트라다호텔 | 2026년 최신 가격 & 프로모션 - 클룩 Klook 대한민국,,,,경기도 이천시,Klook
서울: 유네스코 요새와 트렌디한 명소를 둘러보는 수원 종일 여행,4.9,260,"₩ 82,895",경기도 수원시,GetYourGuide
"DMZ 인사이더 투어: 탈북자 Q&A, 제3땅굴 및 다리 옵션",4.9,"19,324","₩ 76,755",경기도 파주시,GetYourGuide
"서울: 수원 화성, 광명동굴, 스타필드 라이브러리",4.7,194,"₩ 88,000",경기도 수원시,GetYourGuide
"서울: 수원 화성, 민속 마을, & 스타필드 도서관",4.8,102,"₩ 98,600",경기도 수원시,GetYourGuide
서울: DMZ 제3땅굴 및 현수교 투어 옵션,5.0,"6,799","₩ 69,079",경기도 파주시,GetYourGuide
"DMZ: 탈북자, 제3터널, 현수교, 호텔 픽업",4.9,"2,957","₩ 69,079",경기도 파주시,GetYourGuide
"DMZ 투어: JSA 박물관, 새터민과의 라이브 토크 및 레드 브리지 옵션",4.9,"5,386","₩ 69,079",경기도 파주시,GetYourGuide
서울: 수원 화성 & 와우정사 & 스타필드 헤리티지 투어,4.8,92,"₩ 80,000",경기도 수원시,GetYourGuide
DMZ 프리미엄 소그룹 투어: 올인원 북한 체험,5.0,2,"₩ 136,624",경기도 파주시,GetYourGuide
부산: 삼국유사 수도 경주 가이드 당일 여행,4.8,"2,445","₩ 52,807",경상북도 경주시,GetYourGuide
"서울: 장태산, 스타필드 라이브러리, 수원 당일 여행",4.8,제공자 평점,"₩ 156,580",경기도 수원시,GetYourGuide
서울 출발 남이섬 & 강촌 레일바이크 일일 투어,4.6,제공자 평점,"₩ 83,294",강원도 춘천시,GetYourGuide
서울: 수원 화성성곽 & 한국 민속 마을 투어,4.7,232,"₩ 114,350",경기도 수원시,GetYourGuide
수원: 한옥 요리 교실 및 비밀 피크닉 투어,,,"₩ 85,000",경기도 수원시,GetYourGuide
부산에서 출발하는 경주 유네스코 세계유산 등재지 투어,4.6,제공자 평점,"₩ 100,963",경상북도 경주시,GetYourGuide
"서울: 비무장지대 투어, 제3땅굴, 현수교, 북한 탈북자",4.8,716,"₩ 65,242",경기도 파주시,GetYourGuide
서울 출발: 수원 화성 야간 투어,4.9,88,"₩ 105,922",경기도 수원시,GetYourGuide
서울 출발: 수원 화성 투어,5.0,127,"₩ 79,825",경기도 수원시,GetYourGuide
서울: 유네스코 요새와 트렌디한 명소를 둘러보는 수원 종일 여행,4.9,260,"₩ 82,895",경기도 수원시,GetYourGuide
"DMZ 인사이더 투어: 탈북자 Q&A, 제3땅굴 및 다리 옵션",4.9,"19,324","₩ 76,755",경기도 파주시,GetYourGuide
"서울: 수원 화성, 광명동굴, 스타필드 라이브러리",4.7,194,"₩ 88,000",경기도 수원시,GetYourGuide
"서울: 수원 화성, 민속 마을, & 스타필드 도서관",4.8,102,"₩ 98,600",경기도 수원시,GetYourGuide
서울: DMZ 제3땅굴 및 현수교 투어 옵션,5.0,"6,799","₩ 69,079",경기도 파주시,GetYourGuide
"DMZ: 탈북자, 제3터널, 현수교, 호텔 픽업",4.9,"2,957","₩ 69,079",경기도 파주시,GetYourGuide
"DMZ 투어: JSA 박물관, 새터민과의 라이브 토크 및 레드 브리지 옵션",4.9,"5,386","₩ 69,079",경기도 파주시,GetYourGuide
서울: 수원 화성 & 와우정사 & 스타필드 헤리티지 투어,4.8,92,"₩ 80,000",경기도 수원시,GetYourGuide
DMZ 프리미엄 소그룹 투어: 올인원 북한 체험,5.0,2,"₩ 136,624",경기도 파주시,GetYourGuide
부산: 삼국유사 수도 경주 가이드 당일 여행,4.8,"2,445","₩ 52,807",경상북도 경주시,GetYourGuide
"서울: 장태산, 스타필드 라이브러리, 수원 당일 여행",4.8,제공자 평점,"₩ 156,580",경기도 수원시,GetYourGuide
서울 출발 남이섬 & 강촌 레일바이크 일일 투어,4.6,제공자 평점,"₩ 83,294",강원도 춘천시,GetYourGuide
서울: 수원 화성성곽 & 한국 민속 마을 투어,4.7,232,"₩ 114,350",경기도 수원시,GetYourGuide
수원: 한옥 요리 교실 및 비밀 피크닉 투어,,,"₩ 85,000",경기도 수원시,GetYourGuide
부산에서 출발하는 경주 유네스코 세계유산 등재지 투어,4.6,제공자 평점,"₩ 100,963",경상북도 경주시,GetYourGuide
"서울: 비무장지대 투어, 제3땅굴, 현수교, 북한 탈북자",4.8,716,"₩ 65,242",경기도 파주시,GetYourGuide
서울 출발: 수원 화성 야간 투어,4.9,88,"₩ 105,922",경기도 수원시,GetYourGuide
서울 출발: 수원 화성 투어,5.0,127,"₩ 79,825",경기도 수원시,GetYourGuide
서울: 유네스코 요새와 트렌디한 명소를 둘러보는 수원 종일 여행,4.9,260,"₩ 82,895",경기도 수원시,GetYourGuide
"DMZ 인사이더 투어: 탈북자 Q&A, 제3땅굴 및 다리 옵션",4.9,"19,324","₩ 76,755",경기도 파주시,GetYourGuide
"서울: 수원 화성, 광명동굴, 스타필드 라이브러리",4.7,194,"₩ 88,000",경기도 수원시,GetYourGuide
"서울: 수원 화성, 민속 마을, & 스타필드 도서관",4.8,102,"₩ 98,600",경기도 수원시,GetYourGuide
서울: DMZ 제3땅굴 및 현수교 투어 옵션,5.0,"6,799","₩ 69,079",경기도 파주시,GetYourGuide
"DMZ: 탈북자, 제3터널, 현수교, 호텔 픽업",4.9,"2,957","₩ 69,079",경기도 파주시,GetYourGuide
"DMZ 투어: JSA 박물관, 새터민과의 라이브 토크 및 레드 브리지 옵션",4.9,"5,386","₩ 69,079",경기도 파주시,GetYourGuide
서울: 수원 화성 & 와우정사 & 스타필드 헤리티지 투어,4.8,92,"₩ 80,000",경기도 수원시,GetYourGuide
DMZ 프리미엄 소그룹 투어: 올인원 북한 체험,5.0,2,"₩ 136,624",경기도 파주시,GetYourGuide
부산: 삼국유사 수도 경주 가이드 당일 여행,4.8,"2,445","₩ 52,807",경상북도 경주시,GetYourGuide
"서울: 장태산, 스타필드 라이브러리, 수원 당일 여행",4.8,제공자 평점,"₩ 156,580",경기도 수원시,GetYourGuide
서울 출발 남이섬 & 강촌 레일바이크 일일 투어,4.6,제공자 평점,"₩ 83,294",강원도 춘천시,GetYourGuide
서울: 수원 화성성곽 & 한국 민속 마을 투어,4.7,232,"₩ 114,350",경기도 수원시,GetYourGuide
수원: 한옥 요리 교실 및 비밀 피크닉 투어,,,"₩ 85,000",경기도 수원시,GetYourGuide
부산에서 출발하는 경주 유네스코 세계유산 등재지 투어,4.6,제공자 평점,"₩ 100,963",경상북도 경주시,GetYourGuide
"서울: 비무장지대 투어, 제3땅굴, 현수교, 북한 탈북자",4.8,716,"₩ 65,242",경기도 파주시,GetYourGuide
서울 출발: 수원 화성 야간 투어,4.9,88,"₩ 105,922",경기도 수원시,GetYourGuide
서울 출발: 수원 화성 투어,5.0,127,"₩ 79,825",경기도 수원시,GetYourGuide
서울: 유네스코 요새와 트렌디한 명소를 둘러보는 수원 종일 여행,4.9,260,"₩ 82,895",경기도 수원시,GetYourGuide
"DMZ 인사이더 투어: 탈북자 Q&A, 제3땅굴 및 다리 옵션",4.9,"19,324","₩ 76,755",경기도 파주시,GetYourGuide
"서울: 수원 화성, 광명동굴, 스타필드 라이브러리",4.7,194,"₩ 88,000",경기도 수원시,GetYourGuide
"서울: 수원 화성, 민속 마을, & 스타필드 도서관",4.8,102,"₩ 98,600",경기도 수원시,GetYourGuide
서울: DMZ 제3땅굴 및 현수교 투어 옵션,5.0,"6,799","₩ 69,079",경기도 파주시,GetYourGuide
"DMZ: 탈북자, 제3터널, 현수교, 호텔 픽업",4.9,"2,957","₩ 69,079",경기도 파주시,GetYourGuide
"DMZ 투어: JSA 박물관, 새터민과의 라이브 토크 및 레드 브리지 옵션",4.9,"5,386","₩ 69,079",경기도 파주시,GetYourGuide
서울: 수원 화성 & 와우정사 & 스타필드 헤리티지 투어,4.8,92,"₩ 80,000",경기도 수원시,GetYourGuide
DMZ 프리미엄 소그룹 투어: 올인원 북한 체험,5.0,2,"₩ 136,624",경기도 파주시,GetYourGuide
부산: 삼국유사 수도 경주 가이드 당일 여행,4.8,"2,445","₩ 52,807",경상북도 경주시,GetYourGuide
"서울: 장태산, 스타필드 라이브러리, 수원 당일 여행",4.8,제공자 평점,"₩ 156,580",경기도 수원시,GetYourGuide
서울 출발 남이섬 & 강촌 레일바이크 일일 투어,4.6,제공자 평점,"₩ 83,294",강원도 춘천시,GetYourGuide
서울: 수원 화성성곽 & 한국 민속 마을 투어,4.7,232,"₩ 114,350",경기도 수원시,GetYourGuide
수원: 한옥 요리 교실 및 비밀 피크닉 투어,,,"₩ 85,000",경기도 수원시,GetYourGuide
부산에서 출발하는 경주 유네스코 세계유산 등재지 투어,4.6,제공자 평점,"₩ 100,963",경상북도 경주시,GetYourGuide
"서울: 비무장지대 투어, 제3땅굴, 현수교, 북한 탈북자",4.8,716,"₩ 65,242",경기도 파주시,GetYourGuide
서울 출발: 수원 화성 야간 투어,4.9,88,"₩ 105,922",경기도 수원시,GetYourGuide
서울 출발: 수원 화성 투어,5.0,127,"₩ 79,825",경기도 수원시,GetYourGuide
서울: 유네스코 요새와 트렌디한 명소를 둘러보는 수원 종일 여행,4.9,260,"₩ 82,895",경기도 수원시,GetYourGuide
"DMZ 인사이더 투어: 탈북자 Q&A, 제3땅굴 및 다리 옵션",4.9,"19,324","₩ 76,755",경기도 파주시,GetYourGuide
"서울: 수원 화성, 광명동굴, 스타필드 라이브러리",4.7,194,"₩ 88,000",경기도 수원시,GetYourGuide
"서울: 수원 화성, 민속 마을, & 스타필드 도서관",4.8,102,"₩ 98,600",경기도 수원시,GetYourGuide
서울: DMZ 제3땅굴 및 현수교 투어 옵션,5.0,"6,799","₩ 69,079",경기도 파주시,GetYourGuide
"DMZ: 탈북자, 제3터널, 현수교, 호텔 픽업",4.9,"2,957","₩ 69,079",경기도 파주시,GetYourGuide
"DMZ 투어: JSA 박물관, 새터민과의 라이브 토크 및 레드 브리지 옵션",4.9,"5,386","₩ 69,079",경기도 파주시,GetYourGuide
서울: 수원 화성 & 와우정사 & 스타필드 헤리티지 투어,4.8,92,"₩ 80,000",경기도 수원시,GetYourGuide
DMZ 프리미엄 소그룹 투어: 올인원 북한 체험,5.0,2,"₩ 136,624",경기도 파주시,GetYourGuide
부산: 삼국유사 수도 경주 가이드 당일 여행,4.8,"2,445","₩ 52,807",경상북도 경주시,GetYourGuide
"서울: 장태산, 스타필드 라이브러리, 수원 당일 여행",4.8,제공자 평점,"₩ 156,580",경기도 수원시,GetYourGuide
서울 출발 남이섬 & 강촌 레일바이크 일일 투어,4.6,제공자 평점,"₩ 83,294",강원도 춘천시,GetYourGuide
서울: 수원 화성성곽 & 한국 민속 마을 투어,4.7,232,"₩ 114,350",경기도 수원시,GetYourGuide
수원: 한옥 요리 교실 및 비밀 피크닉 투어,,,"₩ 85,000",경기도 수원시,GetYourGuide
부산에서 출발하는 경주 유네스코 세계유산 등재지 투어,4.6,제공자 평점,"₩ 100,963",경상북도 경주시,GetYourGuide
"서울: 비무장지대 투어, 제3땅굴, 현수교, 북한 탈북자",4.8,716,"₩ 65,242",경기도 파주시,GetYourGuide
서울 출발: 수원 화성 야간 투어,4.9,88,"₩ 105,922",경기도 수원시,GetYourGuide
서울 출발: 수원 화성 투어,5.0,127,"₩ 79,825",경기도 수원시,GetYourGuide
서울: 유네스코 요새와 트렌디한 명소를 둘러보는 수원 종일 여행,4.9,260,"₩ 82,895",경기도 수원시,GetYourGuide
"DMZ 인사이더 투어: 탈북자 Q&A, 제3땅굴 및 다리 옵션",4.9,"19,324","₩ 76,755",경기도 파주시,GetYourGuide
"서울: 수원 화성, 광명동굴, 스타필드 라이브러리",4.7,194,"₩ 88,000",경기도 수원시,GetYourGuide
"서울: 수원 화성, 민속 마을, & 스타필드 도서관",4.8,102,"₩ 98,600",경기도 수원시,GetYourGuide
서울: DMZ 제3땅굴 및 현수교 투어 옵션,5.0,"6,799","₩ 69,079",경기도 파주시,GetYourGuide
"DMZ: 탈북자, 제3터널, 현수교, 호텔 픽업",4.9,"2,957","₩ 69,079",경기도 파주시,GetYourGuide
"DMZ 투어: JSA 박물관, 새터민과의 라이브 토크 및 레드 브리지 옵션",4.9,"5,386","₩ 69,079",경기도 파주시,GetYourGuide
서울: 수원 화성 & 와우정사 & 스타필드 헤리티지 투어,4.8,92,"₩ 80,000",경기도 수원시,GetYourGuide
DMZ 프리미엄 소그룹 투어: 올인원 북한 체험,5.0,2,"₩ 136,624",경기도 파주시,GetYourGuide
부산: 삼국유사 수도 경주 가이드 당일 여행,4.8,"2,445","₩ 52,807",경상북도 경주시,GetYourGuide
"서울: 장태산, 스타필드 라이브러리, 수원 당일 여행",4.8,제공자 평점,"₩ 156,580",경기도 수원시,GetYourGuide
서울 출발 남이섬 & 강촌 레일바이크 일일 투어,4.6,제공자 평점,"₩ 83,294",강원도 춘천시,GetYourGuide
서울: 수원 화성성곽 & 한국 민속 마을 투어,4.7,232,"₩ 114,350",경기도 수원시,GetYourGuide
수원: 한옥 요리 교실 및 비밀 피크닉 투어,,,"₩ 85,000",경기도 수원시,GetYourGuide
부산에서 출발하는 경주 유네스코 세계유산 등재지 투어,4.6,제공자 평점,"₩ 100,963",경상북도 경주시,GetYourGuide
"서울: 비무장지대 투어, 제3땅굴, 현수교, 북한 탈북자",4.8,716,"₩ 65,242",경기도 파주시,GetYourGuide
서울 출발: 수원 화성 야간 투어,4.9,88,"₩ 105,922",경기도 수원시,GetYourGuide
서울 출발: 수원 화성 투어,5.0,127,"₩ 79,825",경기도 수원시,GetYourGuide
서울: 유네스코 요새와 트렌디한 명소를 둘러보는 수원 종일 여행,4.9,260,"₩ 82,895",경기도 수원시,GetYourGuide
"DMZ 인사이더 투어: 탈북자 Q&A, 제3땅굴 및 다리 옵션",4.9,"19,324","₩ 76,755",경기도 파주시,GetYourGuide
"서울: 수원 화성, 광명동굴, 스타필드 라이브러리",4.7,194,"₩ 88,000",경기도 수원시,GetYourGuide
"서울: 수원 화성, 민속 마을, & 스타필드 도서관",4.8,102,"₩ 98,600",경기도 수원시,GetYourGuide
서울: DMZ 제3땅굴 및 현수교 투어 옵션,5.0,"6,799","₩ 69,079",경기도 파주시,GetYourGuide
"DMZ: 탈북자, 제3터널, 현수교, 호텔 픽업",4.9,"2,957","₩ 69,079",경기도 파주시,GetYourGuide
"DMZ 투어: JSA 박물관, 새터민과의 라이브 토크 및 레드 브리지 옵션",4.9,"5,386","₩ 69,079",경기도 파주시,GetYourGuide
서울: 수원 화성 & 와우정사 & 스타필드 헤리티지 투어,4.8,92,"₩ 80,000",경기도 수원시,GetYourGuide
DMZ 프리미엄 소그룹 투어: 올인원 북한 체험,5.0,2,"₩ 136,624",경기도 파주시,GetYourGuide
부산: 삼국유사 수도 경주 가이드 당일 여행,4.8,"2,445","₩ 52,807",경상북도 경주시,GetYourGuide
"서울: 장태산, 스타필드 라이브러리, 수원 당일 여행",4.8,제공자 평점,"₩ 156,580",경기도 수원시,GetYourGuide
서울 출발 남이섬 & 강촌 레일바이크 일일 투어,4.6,제공자 평점,"₩ 83,294",강원도 춘천시,GetYourGuide
서울: 수원 화성성곽 & 한국 민속 마을 투어,4.7,232,"₩ 114,350",경기도 수원시,GetYourGuide
수원: 한옥 요리 교실 및 비밀 피크닉 투어,,,"₩ 85,000",경기도 수원시,GetYourGuide
부산에서 출발하는 경주 유네스코 세계유산 등재지 투어,4.6,제공자 평점,"₩ 100,963",경상북도 경주시,GetYourGuide
"서울: 비무장지대 투어, 제3땅굴, 현수교, 북한 탈북자",4.8,716,"₩ 65,242",경기도 파주시,GetYourGuide
서울 출발: 수원 화성 야간 투어,4.9,88,"₩ 105,922",경기도 수원시,GetYourGuide
서울 출발: 수원 화성 투어,5.0,127,"₩ 79,825",경기도 수원시,GetYourGuide
서울: 유네스코 요새와 트렌디한 명소를 둘러보는 수원 종일 여행,4.9,260,"₩ 82,895",경기도 수원시,GetYourGuide
"DMZ 인사이더 투어: 탈북자 Q&A, 제3땅굴 및 다리 옵션",4.9,"19,324","₩ 76,755",경기도 파주시,GetYourGuide
"서울: 수원 화성, 광명동굴, 스타필드 라이브러리",4.7,194,"₩ 88,000",경기도 수원시,GetYourGuide
"서울: 수원 화성, 민속 마을, & 스타필드 도서관",4.8,102,"₩ 98,600",경기도 수원시,GetYourGuide
서울: DMZ 제3땅굴 및 현수교 투어 옵션,5.0,"6,799","₩ 69,079",경기도 파주시,GetYourGuide
"DMZ: 탈북자, 제3터널, 현수교, 호텔 픽업",4.9,"2,957","₩ 69,079",경기도 파주시,GetYourGuide
"DMZ 투어: JSA 박물관, 새터민과의 라이브 토크 및 레드 브리지 옵션",4.9,"5,386","₩ 69,079",경기도 파주시,GetYourGuide
서울: 수원 화성 & 와우정사 & 스타필드 헤리티지 투어,4.8,92,"₩ 80,000",경기도 수원시,GetYourGuide
DMZ 프리미엄 소그룹 투어: 올인원 북한 체험,5.0,2,"₩ 136,624",경기도 파주시,GetYourGuide
부산: 삼국유사 수도 경주 가이드 당일 여행,4.8,"2,445","₩ 52,807",경상북도 경주시,GetYourGuide
"서울: 장태산, 스타필드 라이브러리, 수원 당일 여행",4.8,제공자 평점,"₩ 156,580",경기도 수원시,GetYourGuide
서울 출발 남이섬 & 강촌 레일바이크 일일 투어,4.6,제공자 평점,"₩ 83,294",강원도 춘천시,GetYourGuide
서울: 수원 화성성곽 & 한국 민속 마을 투어,4.7,232,"₩ 114,350",경기도 수원시,GetYourGuide
수원: 한옥 요리 교실 및 비밀 피크닉 투어,,,"₩ 85,000",경기도 수원시,GetYourGuide
부산에서 출발하는 경주 유네스코 세계유산 등재지 투어,4.6,제공자 평점,"₩ 100,963",경상북도 경주시,GetYourGuide
"서울: 비무장지대 투어, 제3땅굴, 현수교, 북한 탈북자",4.8,716,"₩ 65,242",경기도 파주시,GetYourGuide
서울 출발: 수원 화성 야간 투어,4.9,88,"₩ 105,922",경기도 수원시,GetYourGuide
서울 출발: 수원 화성 투어,5.0,127,"₩ 79,825",경기도 수원시,GetYourGuide
서울: 유네스코 요새와 트렌디한 명소를 둘러보는 수원 종일 여행,4.9,260,"₩ 82,895",경기도 수원시,GetYourGuide
"DMZ 인사이더 투어: 탈북자 Q&A, 제3땅굴 및 다리 옵션",4.9,"19,324","₩ 76,755",경기도 파주시,GetYourGuide
"서울: 수원 화성, 광명동굴, 스타필드 라이브러리",4.7,194,"₩ 88,000",경기도 수원시,GetYourGuide
"서울: 수원 화성, 민속 마을, & 스타필드 도서관",4.8,102,"₩ 98,600",경기도 수원시,GetYourGuide
서울: DMZ 제3땅굴 및 현수교 투어 옵션,5.0,"6,799","₩ 69,079",경기도 파주시,GetYourGuide
"DMZ: 탈북자, 제3터널, 현수교, 호텔 픽업",4.9,"2,957","₩ 69,079",경기도 파주시,GetYourGuide
"DMZ 투어: JSA 박물관, 새터민과의 라이브 토크 및 레드 브리지 옵션",4.9,"5,386","₩ 69,079",경기도 파주시,GetYourGuide
서울: 수원 화성 & 와우정사 & 스타필드 헤리티지 투어,4.8,92,"₩ 80,000",경기도 수원시,GetYourGuide
DMZ 프리미엄 소그룹 투어: 올인원 북한 체험,5.0,2,"₩ 136,624",경기도 파주시,GetYourGuide
부산: 삼국유사 수도 경주 가이드 당일 여행,4.8,"2,445","₩ 52,807",경상북도 경주시,GetYourGuide
"서울: 장태산, 스타필드 라이브러리, 수원 당일 여행",4.8,제공자 평점,"₩ 156,580",경기도 수원시,GetYourGuide
서울 출발 남이섬 & 강촌 레일바이크 일일 투어,4.6,제공자 평점,"₩ 83,294",강원도 춘천시,GetYourGuide
서울: 수원 화성성곽 & 한국 민속 마을 투어,4.7,232,"₩ 114,350",경기도 수원시,GetYourGuide
수원: 한옥 요리 교실 및 비밀 피크닉 투어,,,"₩ 85,000",경기도 수원시,GetYourGuide
부산에서 출발하는 경주 유네스코 세계유산 등재지 투어,4.6,제공자 평점,"₩ 100,963",경상북도 경주시,GetYourGuide
"서울: 비무장지대 투어, 제3땅굴, 현수교, 북한 탈북자",4.8,716,"₩ 65,242",경기도 파주시,GetYourGuide
서울 출발: 수원 화성 야간 투어,4.9,88,"₩ 105,922",경기도 수원시,GetYourGuide
서울 출발: 수원 화성 투어,5.0,127,"₩ 79,825",경기도 수원시,GetYourGuide
서울: 유네스코 요새와 트렌디한 명소를 둘러보는 수원 종일 여행,4.9,260,"₩ 82,895",경기도 수원시,GetYourGuide
"DMZ 인사이더 투어: 탈북자 Q&A, 제3땅굴 및 다리 옵션",4.9,"19,324","₩ 76,755",경기도 파주시,GetYourGuide
"서울: 수원 화성, 광명동굴, 스타필드 라이브러리",4.7,194,"₩ 88,000",경기도 수원시,GetYourGuide
"서울: 수원 화성, 민속 마을, & 스타필드 도서관",4.8,102,"₩ 98,600",경기도 수원시,GetYourGuide
서울: DMZ 제3땅굴 및 현수교 투어 옵션,5.0,"6,799","₩ 69,079",경기도 파주시,GetYourGuide
"DMZ: 탈북자, 제3터널, 현수교, 호텔 픽업",4.9,"2,957","₩ 69,079",경기도 파주시,GetYourGuide
"DMZ 투어: JSA 박물관, 새터민과의 라이브 토크 및 레드 브리지 옵션",4.9,"5,386","₩ 69,079",경기도 파주시,GetYourGuide
서울: 수원 화성 & 와우정사 & 스타필드 헤리티지 투어,4.8,92,"₩ 80,000",경기도 수원시,GetYourGuide
DMZ 프리미엄 소그룹 투어: 올인원 북한 체험,5.0,2,"₩ 136,624",경기도 파주시,GetYourGuide
부산: 삼국유사 수도 경주 가이드 당일 여행,4.8,"2,445","₩ 52,807",경상북도 경주시,GetYourGuide
"서울: 장태산, 스타필드 라이브러리, 수원 당일 여행",4.8,제공자 평점,"₩ 156,580",경기도 수원시,GetYourGuide
서울 출발 남이섬 & 강촌 레일바이크 일일 투어,4.6,제공자 평점,"₩ 83,294",강원도 춘천시,GetYourGuide
서울: 수원 화성성곽 & 한국 민속 마을 투어,4.7,232,"₩ 114,350",경기도 수원시,GetYourGuide
수원: 한옥 요리 교실 및 비밀 피크닉 투어,,,"₩ 85,000",경기도 수원시,GetYourGuide
부산에서 출발하는 경주 유네스코 세계유산 등재지 투어,4.6,제공자 평점,"₩ 100,963",경상북도 경주시,GetYourGuide
"서울: 비무장지대 투어, 제3땅굴, 현수교, 북한 탈북자",4.8,716,"₩ 65,242",경기도 파주시,GetYourGuide
서울 출발: 수원 화성 야간 투어,4.9,88,"₩ 105,922",경기도 수원시,GetYourGuide
서울 출발: 수원 화성 투어,5.0,127,"₩ 79,825",경기도 수원시,GetYourGuide
